staff_id,Staff_Name,Staff_Email,Staff_Performance_Rating
19523,John Bridges,pdavidson@example.com,Poor
49973,Sarah Bentley,ajohnson@example.net,Average
29571,Connie Cervantes,michele29@example.net,Excellent
45303,Jessica Stewart,xwilson@example.org,Poor
60920,Cheryl Carpenter,christine96@example.org,Good
27007,Jessica Coleman,sandra03@example.org,Poor
42970,Kelly Johnston,edwardsaaron@example.org,Excellent
54283,Rebecca George,michaelperez@example.org,Average
84994,Sara Aguilar,nicholasmullins@example.org,Poor
84827,Michelle Pace,freemanjose@example.com,Average
16575,Nicole Kane DDS,jlopez@example.net,Good
67138,Edgar White,laura24@example.org,Poor
44861,Jacob Schroeder,bescobar@example.com,Poor
87902,Chad Patterson,byrderic@example.net,Good
97541,Donna Weiss,zreynolds@example.com,Good
45499,Amy Lopez,matthewpotter@example.net,Good
32359,Ryan Carter,cartertyler@example.org,Excellent
20382,Kenneth Gonzalez,jon97@example.net,Excellent
67680,John James,fernandezheather@example.net,Poor
27574,Brent Parker,Unknown,Poor
52323,Jacob Medina,rebeccabrown@example.com,Poor
30672,Blake Ramirez,Unknown,Average
12955,Barbara Campbell,wjohnson@example.com,Good
29795,Mary Mcgee,victoria48@example.com,Poor
63729,Kenneth Vega,jwang@example.com,Good
43303,Jonathan Bell,Unknown,Excellent
76784,Phyllis Herman,Unknown,Good
36570,Bryan Beck,michael85@example.net,Average
95288,Richard Stevenson,blackeugene@example.com,Average
40346,Timothy Dillon,omurray@example.com,Good
91455,Dr. John Guzman Jr.,allison40@example.com,Average
28756,Tony Martinez,dwayne45@example.org,Average
51279,Christine Vargas,tracy79@example.net,Excellent
87645,Emily Williams,allenbradley@example.org,Poor
50920,Jackie Johnson,Unknown,Average
41228,Cassandra Mitchell,jeff80@example.org,Poor
86129,Laura White,aaronschneider@example.net,Good
75489,Courtney Gates,tarahamilton@example.net,Good
72818,Diana Sanders,sweeneycorey@example.net,Average
99154,Michelle Ramirez,tyronecooke@example.org,Good
92291,Rebecca Barnes,mberg@example.org,Excellent
45329,Emma Keller,jenniferwoodward@example.com,Average
78345,Angela Roman,kimberlyharrington@example.com,Average
21364,Bryce Bernard,washingtonashley@example.com,Average
98206,Jerry Collins DDS,michellepeterson@example.com,Good
89338,Cynthia Carrillo,johnsonjohn@example.net,Good
55120,Scott Moss,scalhoun@example.com,Average
30815,Tammy Flores,todd17@example.org,Poor
66022,Christine Nunez,ocantu@example.com,Good
98604,John Martin,michael70@example.org,Good
73643,Phillip Hernandez,Unknown,Average
43749,Leslie Stone,terrysean@example.net,Poor
27831,Jason Eaton,qgriffin@example.org,Average
32480,Sheila Williams,Unknown,Good
64917,Jonathan Johnson,andrew87@example.net,Average
77623,Alexandra Wilson,heatherchang@example.net,Average
20097,John Fowler,hallstephanie@example.org,Average
24458,Scott Jimenez,luceroscott@example.org,Poor
29282,Bethany Hudson,jonathan04@example.com,Average
13213,Holly Lara,wrightkelly@example.net,Good
14508,Tanya Kane,blevinstravis@example.net,Average
83758,Alexander Anderson,jamesedwards@example.com,Poor
58218,Jennifer Harrison,nlee@example.com,Excellent
93951,Keith Briggs,william16@example.net,Poor
61357,Brandon Dunn,sriddle@example.net,Average
45504,Catherine Johnson,tmason@example.org,Excellent
97307,Kimberly Russell,jennifer08@example.net,Average
79370,Travis Hogan,Unknown,Poor
24238,Wesley Christian,judithvega@example.org,Excellent
21497,Sarah Greer,lindajohnson@example.org,Excellent
11571,Jason Baker,lindseygarner@example.org,Average
94243,Andrea Green,michaela48@example.org,Average
82969,Todd Williams,amanda40@example.net,Poor
47168,Sara Ferguson,marcus87@example.com,Average
37499,Breanna Bowen,bcarter@example.net,Excellent
59530,Denise Nichols,Unknown,Good
73785,Kyle Gutierrez,coxconnie@example.net,Good
21764,Amanda Jones,cynthiacarson@example.com,Poor
81413,Laura Smith,jenniferpeterson@example.org,Average
70547,Jessica Booth,michellecannon@example.net,Poor
28508,Justin Lambert,vlucas@example.net,Good
12395,Kendra Olson,melissa72@example.com,Good
90720,Laurie Young,frankbarton@example.org,Average
89281,Amy Roberts,Unknown,Excellent
93850,Sheri Mathews,heather17@example.com,Average
68026,Melissa Keller,matthew41@example.org,Good
58376,Megan Snyder,ujones@example.net,Excellent
23183,Brittany Tapia,jasmine20@example.net,Poor
72511,Dr. Stacy Johnson,ethanjohnson@example.net,Good
68683,Travis Williams,sarahedwards@example.com,Poor
54940,Jeffrey Wagner,uclark@example.com,Excellent
16123,Elizabeth Gregory,owensdanny@example.com,Poor
94188,Lonnie Galvan,james65@example.com,Good
40065,Elizabeth Foster,Unknown,Average
97621,Natalie Webb,burtonscott@example.com,Poor
43968,Robin Ferguson,eortiz@example.com,Good
41286,Tracie Myers,douglas41@example.com,Good
19464,Catherine Williams,sarahfrench@example.org,Excellent
52701,Jonathon Dixon,jasminebecker@example.org,Good
35407,Mrs. Nicole White,monica44@example.org,Average
27749,Elizabeth Mueller,nathan75@example.net,Average
21781,Jonathon Owens,Unknown,Poor
35637,Jonathan Shelton,devin36@example.org,Poor
15225,Andrew Brewer,seanpatrick@example.net,Poor
42888,Alex Sharp,mary60@example.org,Poor
89050,Tina Allen,omoreno@example.org,Average
27279,Kimberly Cervantes,sherrymurillo@example.org,Excellent
15696,Michael Anderson,ruben97@example.net,Poor
51051,Sonya Castillo,zmccarthy@example.org,Excellent
54457,Traci Stanton,gravesgina@example.org,Good
79702,Christopher Wilson,cjackson@example.com,Good
22894,Mackenzie Watson,omarquez@example.net,Poor
93678,Heather Davis,kristi56@example.net,Good
19833,Richard Green,nancygarcia@example.net,Excellent
85130,Megan Brown,hollygrant@example.org,Excellent
31280,Ashley Vargas,christopher61@example.net,Good
71315,Justin Spencer,jeremy29@example.net,Poor
86841,Paul Fowler,whitney54@example.net,Excellent
57192,Crystal Perez,Unknown,Excellent
61628,Jose Baker,bettyclarke@example.org,Average
35429,Kenneth King,perezjennifer@example.org,Poor
54419,Marcia Tyler,langdavid@example.org,Average
45496,Robert Williams,davidharrison@example.net,Good
24528,Brenda Wiley,gail60@example.org,Good
94380,Jason Ingram,robertwilliams@example.net,Average
29722,Matthew Watson,marcusdavis@example.org,Poor
51459,Michael Smith,Unknown,Excellent
89554,Brandon Arellano,omar13@example.org,Good
98840,Cynthia Rogers,vsavage@example.org,Poor
66615,Christopher Smith,scott68@example.org,Poor
19256,Michael Bell,Unknown,Good
62935,Robert Williamson,william87@example.com,Good
19507,Sarah Durham,michaeldavis@example.com,Poor
69527,Anita Fisher,walter45@example.net,Excellent
16428,Kimberly Hampton,nathan00@example.com,Average
36163,Susan Davis,molly10@example.net,Good
16051,Kathleen Ingram,ryan67@example.org,Average
33030,Kelly Li,lance69@example.net,Poor
81425,Marcus Nelson,ryanreed@example.com,Average
75889,Beth Smith,tracy19@example.net,Excellent
80377,Diana Franklin,cynthia19@example.net,Poor
83562,Sean Lang,terri18@example.org,Excellent
73053,Thomas Padilla,garciajustin@example.org,Poor
57205,Lisa Chen,carterpatrick@example.org,Excellent
95160,Ashley Wyatt,kari69@example.org,Poor
70385,Nicholas Williams,vmathews@example.org,Excellent
12507,Harry House,rogerslarry@example.com,Poor
48712,Jacob Dixon,huangsusan@example.org,Excellent
15609,Raymond Green,cohenmelvin@example.com,Poor
18705,Lisa Dawson,Unknown,Excellent
85641,Stephen Smith,nicolehall@example.net,Good
50979,Elijah Lam,Unknown,Average
27554,Jacqueline Blackwell,danielle75@example.net,Poor
27657,Darlene Martin,bryanjohnson@example.org,Excellent
86914,Gerald Wolf,Unknown,Good
72302,Lynn Mcclain,ysuarez@example.net,Poor
79892,Samantha Marshall,qbenton@example.org,Poor
25853,Ian Thomas DDS,paul82@example.com,Poor
22699,Melissa Hernandez,icarroll@example.net,Average
90085,Michael Robinson,nowens@example.com,Excellent
78524,Christopher Anderson,ymcintosh@example.net,Excellent
63736,Emma Mercado,Unknown,Poor
30560,Anthony Perez,robert23@example.net,Poor
54878,Brian Luna,rbaxter@example.net,Poor
29029,Whitney Gonzalez MD,christophergarcia@example.org,Good
64805,Kevin Andrews,tferguson@example.net,Poor
74781,Larry Olsen,wpayne@example.org,Average
25732,Charles Michael,afernandez@example.net,Excellent
40763,Barbara Freeman,schroedershannon@example.net,Average
49752,Laura Andrews,andrew02@example.net,Poor
94453,Dustin Love MD,ycarey@example.org,Good
34452,Barry Trujillo,smithzachary@example.net,Poor
32913,Michael Miller,tanyagill@example.net,Poor
85926,Linda Sanders,morrisjohn@example.net,Poor
61583,Craig Doyle,hoffmanpaul@example.net,Poor
71718,Susan Chambers,jessicachambers@example.net,Poor
30983,Valerie Barber,carolyngross@example.org,Excellent
19499,Sean Williams,justinlopez@example.com,Average
92200,Jason Taylor,shaffersteven@example.net,Good
87800,Randy Brown,qdavis@example.net,Poor
33429,David Solomon Jr.,Unknown,Good
87369,Scott Small,vkaufman@example.com,Excellent
12248,Peter Knight,Unknown,Average
31093,Ethan Carlson,janet60@example.org,Poor
81525,Jeremy Watts,browndaniel@example.com,Excellent
81127,Erik Hunt,coxsteven@example.org,Excellent
21266,Melissa Medina,oross@example.com,Average
64179,Richard Perkins,lisa11@example.org,Poor
58660,Patricia Ibarra,Unknown,Average
16146,Robert Anderson,sarahpham@example.com,Average
63824,Kimberly Johns,jonesbrandon@example.net,Good
74009,Fernando Taylor,ballcristina@example.org,Good
48246,Lawrence Martin,hardinjames@example.net,Average
34819,Christopher Gray,vbailey@example.org,Good
54889,Danielle Schneider,regina05@example.org,Excellent
33652,Timothy Smith,kingjeffrey@example.net,Average
58495,Nicole Moore,williamsdana@example.org,Poor
49472,John Patel,kfritz@example.org,Poor
43687,Kevin Bird,taylormichael@example.org,Excellent
20076,James Norton,krobinson@example.org,Poor
68582,Raymond Hansen,Unknown,Poor
81838,Michelle Davis,james57@example.com,Average
47289,Joseph White,pshelton@example.com,Excellent
15064,Michelle Hill,phamchristina@example.org,Average
35687,Nicholas Barry,destiny57@example.net,Excellent
54009,Derek Jennings,michael86@example.org,Average
15852,Ryan Jackson,ethantrevino@example.net,Average
31847,Ashley Russell,Unknown,Good
14006,Charles Clark,jonathantran@example.com,Poor
69830,Darren Porter,Unknown,Excellent
54050,Mr. Benjamin Jordan,stuarthurst@example.org,Poor
67979,Carol Valdez,cwilson@example.com,Good
83582,George Dean,jennifermay@example.net,Excellent
62440,Kimberly King,hhill@example.org,Good
56387,Kristen Fox,virginia79@example.net,Poor
63451,Adam Martinez,jennifer40@example.org,Average
54639,Monica Jones,erincraig@example.org,Good
42942,Christian Wang,michaelmartinez@example.com,Good
82488,Amy Campbell,emilyhill@example.net,Average
44333,Cathy Salinas,Unknown,Poor
18737,Ashley Howell,ginahodges@example.net,Good
93477,Matthew Nichols,Unknown,Poor
24011,Angela Copeland,rebeccariley@example.com,Average
53351,Nicole Moore,greenangela@example.com,Excellent
17096,Steven Jacobs,amanda65@example.org,Good
45018,Madison Montgomery,danielle66@example.org,Poor
41145,Micheal Campbell,xhodges@example.com,Average
68206,Jacqueline House,april69@example.org,Average
22842,Michelle Thomas,Unknown,Good
58178,Amber Roberson,jeff47@example.net,Excellent
33183,Justin Morales,Unknown,Good
77085,Sierra Sims,steventhompson@example.com,Poor
45762,Sherry Stephens,ahensley@example.net,Average
73078,Patricia Leon,wporter@example.org,Excellent
66819,Heather Erickson,Unknown,Poor
88369,James Valenzuela,dbutler@example.net,Good
67026,Mrs. Deborah Cline,catherine58@example.org,Average
34164,Steven Davis,estradaeric@example.net,Good
77382,Jack Munoz,wpeterson@example.com,Excellent
35869,Glenn Scott,brandon73@example.net,Excellent
81477,Michael Miller,robertnavarro@example.net,Excellent
67466,Cheryl Davis,cbranch@example.net,Excellent
25062,Taylor Allen,todd01@example.com,Excellent
48169,Richard Smith,tamaraanderson@example.net,Good
67698,Michelle Rush,lejohn@example.org,Excellent
24579,John Brown,andersontyler@example.net,Excellent
31480,Chad Warren,lunajessica@example.org,Average
85658,Jill Chase,jade69@example.org,Excellent
64134,Richard Fisher,ericdean@example.net,Average
25291,Tyler Harvey,simpsonmorgan@example.net,Average
10534,Robert Gutierrez,darrell09@example.net,Average
48802,Emily Shah,stephensondennis@example.net,Good
69265,Steven Powers,gabriela28@example.com,Good
56676,Cristian Buckley,elizabethbolton@example.com,Poor
13650,Hayden Graves,bthompson@example.org,Poor
43952,Randy Robbins,john14@example.net,Average
56695,Adam Livingston,gregorygray@example.org,Good
48217,Alexander Harper,michelle86@example.net,Excellent
82787,Kyle Clark,drewmurphy@example.org,Poor
29062,Mrs. Rhonda James,cooperanthony@example.org,Good
62931,Russell Fletcher,joyce53@example.net,Excellent
24847,Taylor Morales,joanna04@example.org,Excellent
78550,Brittany Rodriguez,kevin41@example.net,Good
14623,Sandra Aguilar,maryhunt@example.net,Poor
96355,Jason Montgomery,riosmark@example.net,Good
54820,Jennifer Reyes,rsims@example.net,Poor
42690,Whitney Thomas,matthewdaugherty@example.net,Average
99564,James Lopez,rfloyd@example.net,Good
13071,Kristina Wong,johnbaker@example.net,Good
43014,Jennifer Bauer,alicia79@example.com,Poor
44191,Jessica Clark,matthew13@example.net,Poor
91721,Julie Deleon,tboone@example.net,Good
38233,Frederick Harris,zallen@example.net,Excellent
88200,Sean Hawkins,andrew85@example.net,Excellent
37292,Lawrence Evans,allenjessica@example.org,Excellent
90030,Eric Robinson,Unknown,Average
43840,Aaron Martinez,kara88@example.com,Average
65846,Miss Brittany Gilbert,Unknown,Poor
96483,Tim Vega,steven19@example.net,Average
52489,Christopher Wallace,shopkins@example.net,Excellent
26763,Amber Park,shelia95@example.org,Good
34917,Alexander Andrews,bennettmegan@example.net,Average
62424,Dennis Carter,ashleyhunt@example.net,Average
49762,Tasha Huang,ohunter@example.com,Excellent
68807,Kevin Shaw,Unknown,Average
13551,William Odonnell,Unknown,Poor
68548,Mark Moreno,wreid@example.net,Good
53335,David Young,brandoncontreras@example.org,Excellent
54140,Jack Martinez,hturner@example.com,Poor
19169,Justin Johnson,breweralyssa@example.net,Excellent
30913,Paul Sanchez,ugilbert@example.net,Poor
88148,Luis Smith,linda77@example.org,Good
83966,Willie Alvarado,istewart@example.com,Good
38716,Stacy Roberts,william61@example.net,Poor
32206,Lynn White MD,scottedward@example.net,Poor
14900,Christine Adams,colleenbeard@example.com,Poor
73237,Meghan Robinson,beth67@example.com,Poor
59730,Darrell Little,jennifer92@example.org,Poor
56867,Matthew Duncan,uwalker@example.net,Poor
24525,Amber Farley,brittneyowens@example.net,Good
39380,Jennifer Weaver,kiddjason@example.com,Poor
25127,Molly Taylor,garrettjohnson@example.org,Average
14505,Steven Rivera,zmahoney@example.org,Good
31873,Heidi Henry,Unknown,Excellent
66985,Joseph Mays,nealandrew@example.net,Good
83550,Charles Richardson,vreese@example.com,Excellent
86654,Scott Miller,jonesmichelle@example.net,Excellent
85449,Benjamin Peterson,vwilliams@example.com,Average
21052,Mikayla Olsen,sarah79@example.org,Poor
84083,Sonia Hernandez,Unknown,Poor
56665,Kathleen Johnson,larsonjames@example.com,Good
55106,Kimberly Patton,kellererin@example.org,Poor
24813,Amy Hawkins,steinkara@example.org,Average
23017,Judy Williamson,Unknown,Good
77141,Patrick Oconnell,mary87@example.com,Good
51304,Nancy Pittman,dbradley@example.org,Good
94687,Christine Howell,josephmoore@example.org,Poor
38584,Jean Morris,gonzalezstacy@example.net,Poor
45009,Kenneth Fisher,mollybarton@example.org,Poor
15640,James Vazquez,kelly16@example.org,Good
98171,Bethany Edwards,ewiley@example.org,Good
66993,Pamela Thomas,antonio54@example.com,Excellent
34217,Eric Schneider,Unknown,Excellent
68686,Alexander Adams,larryunderwood@example.net,Poor
19508,Sophia Greer,courtneyhodges@example.net,Good
53024,Michael Day,marc37@example.com,Poor
35556,David Lucas,valerie37@example.org,Poor
25125,Matthew Harris,watsondeanna@example.com,Excellent
19538,Michael Frederick,fosterrussell@example.net,Average
97187,Todd Turner,johnsonjoshua@example.com,Poor
69425,Adam Burgess,villarrealryan@example.net,Average
64973,John Hall,staffordmatthew@example.com,Average
95057,Jimmy Andrews,webstermichelle@example.com,Good
99257,Samantha Scott,katiewilson@example.org,Good
58311,Anthony Steele,lloydanthony@example.org,Poor
74899,David Norris,callahanmakayla@example.org,Excellent
32730,Tom Smith,pellis@example.org,Excellent
59897,Michelle Allison,Unknown,Poor
60974,Nicole Gomez,mccartyemily@example.net,Poor
21129,Jennifer Dillon,pauleverett@example.com,Excellent
63099,Christina Ortega,rwalker@example.com,Average
39710,Brian Mcfarland,michael06@example.org,Poor
55551,John Evans,shawruben@example.net,Average
45390,Regina Simmons,victoria28@example.net,Poor
89546,Taylor Lee,harrisonchristopher@example.com,Poor
67670,Matthew Richmond,edwin47@example.net,Average
38944,Cassandra Johnson,william06@example.com,Average
49888,Robert Vaughn,shannonpeters@example.net,Excellent
64134,Travis Snow,eturner@example.org,Poor
41379,Benjamin Mueller,wesleygarcia@example.org,Good
23827,Patrick Navarro,jason36@example.org,Good
20085,Robert Graves,bethmelton@example.net,Poor
32793,Wesley Harris,jacquelineduke@example.org,Poor
22758,Christine Lee,meganbarnett@example.com,Poor
29541,James Davis,Unknown,Average
69705,Bobby Gomez,stonechristina@example.net,Good
37595,Robert King,mathewsmelissa@example.org,Good
24339,Melissa Smith,hallheather@example.net,Good
89293,Lisa Golden,molly53@example.net,Poor
73424,Ashley Torres MD,amybailey@example.com,Average
46258,Diana Cooper,johnsonchristopher@example.com,Poor
59617,Donald Foster,daniellarson@example.org,Excellent
73603,Joy Jackson,riverajessica@example.net,Excellent
21826,Kelly Hansen,imullen@example.com,Good
77395,Susan Hernandez,emmagutierrez@example.com,Poor
64061,Amanda Roth,brianwhite@example.com,Excellent
94871,Joy Mitchell,thomas10@example.org,Excellent
50776,David Taylor,adam04@example.com,Poor
51354,Kayla Williams,cartersarah@example.net,Average
67292,Mark Stanton,coreybarrett@example.net,Poor
64408,Barbara Nguyen,emily14@example.org,Poor
92423,Paul Burch,clinton99@example.net,Average
54018,Bryan Sanchez,nkhan@example.com,Good
85743,Michael Cook,jamieparsons@example.com,Good
40292,Brian Perez,Unknown,Good
93284,Timothy Williams,stevenskathleen@example.com,Average
31584,Rebecca Smith,Unknown,Excellent
59854,Mr. John Jackson,sharpbrett@example.net,Average
49719,Haley Singh,lmoore@example.com,Poor
72990,Wendy Douglas,fuentesrichard@example.net,Average
12508,Michaela Hicks,Unknown,Excellent
72671,Tina Gonzalez,duane00@example.net,Excellent
77148,David Warren,brenda34@example.org,Poor
73160,Anita Cunningham,psmall@example.net,Good
89245,Hannah Armstrong,Unknown,Excellent
98786,Sarah Mcdaniel,mhansen@example.net,Excellent
39666,Samuel Martinez,thomasstacy@example.org,Excellent
94596,Ethan Jones,duane22@example.com,Poor
36913,Veronica Wilson,sean26@example.com,Excellent
75719,Derek Garcia,Unknown,Good
95042,Andrew Jennings,ohernandez@example.net,Poor
69760,Heather Nguyen,khutchinson@example.org,Good
68177,Cory Summers,rpierce@example.net,Excellent
26659,Kevin Combs,Unknown,Excellent
97716,Jacqueline Hill,mmorgan@example.net,Good
96137,Laurie Pena,xjoyce@example.net,Poor
25833,Rebecca Martinez,david18@example.com,Poor
20744,Richard Bright,michael65@example.com,Good
23602,Robert Ritter,castroerica@example.org,Excellent
40673,Karla Horton,roberto43@example.net,Average
14670,Laura Miller,halljames@example.com,Good
37868,Terry Stewart,julie97@example.net,Good
50282,Kimberly Lambert,mario29@example.org,Good
10168,Alexa Jones PhD,tammy78@example.com,Excellent
52803,Brandon Smith,ruizsteven@example.net,Poor
97339,Brandon Barton,millerdanny@example.org,Excellent
37564,Keith Hernandez,madams@example.com,Good
96302,Billy Mullins,rreynolds@example.net,Excellent
36115,Garrett Stone,lwilliamson@example.net,Excellent
49449,Maria Robinson,hcamacho@example.com,Good
60130,Mary Jackson,kylesanchez@example.org,Excellent
19383,Susan Andrews,garyrobinson@example.net,Average
33466,David Wilson,isaacortega@example.com,Excellent
12763,Michelle Foster,bridgesheather@example.net,Excellent
80993,Janet Mcgrath,lwilson@example.net,Poor
53372,Andrew Williams,Unknown,Poor
87516,Luis Lin,rosalesbrian@example.org,Good
31300,Jacqueline Smith DVM,anthony63@example.net,Good
16205,Sheila Collins,katherine53@example.org,Poor
46414,Leslie Duncan,vcoleman@example.org,Average
72903,Mariah Smith,roblesdaniel@example.com,Excellent
14570,Tammy Cox,tammy05@example.com,Average
54588,Joann Lucero,kathy24@example.com,Average
23715,Brian Zuniga,davidsonsteven@example.org,Poor
21943,Travis Garcia,ritterkatie@example.net,Good
21487,Benjamin Williams,cwhite@example.com,Excellent
33485,Justin Nelson,cassandraodonnell@example.com,Good
75704,Mr. Samuel Hernandez,dchambers@example.org,Average
59300,Randy Tran,yhernandez@example.com,Average
70867,David Gomez,tylerwright@example.com,Good
54478,Kimberly Brown,Unknown,Good
61812,Maria Roberson,michelemccoy@example.net,Poor
50128,Charlotte Smith,gibsonsophia@example.net,Good
10653,Juan Mitchell,evansamanda@example.net,Good
51536,Jacob George,Unknown,Poor
83445,Regina Jones,Unknown,Good
36182,Arthur Lawson,whiteelizabeth@example.net,Average
39371,Alison Parsons,maria86@example.com,Good
86801,Rachel Lopez,jallen@example.org,Excellent
86549,Miranda Hutchinson,lucaskevin@example.com,Average
82529,Lisa Ruiz,johnsonmichael@example.com,Poor
39016,Andre Cervantes,cvaughn@example.com,Average
33225,Larry Foster,williamwells@example.net,Poor
13335,Tyler Castillo,meganmunoz@example.net,Excellent
17458,Christian Avila,Unknown,Excellent
60614,Kaitlin Moses DDS,caldwellronald@example.net,Average
33126,Alejandra Fischer,xball@example.net,Good
10240,Ronald Wilson,yclarke@example.net,Average
20150,John Gibson,osmith@example.net,Average
13329,Steven Gordon,richardwalker@example.org,Excellent
17688,Karl Malone,tonya15@example.com,Poor
96295,Jessica Galvan,lisacraig@example.net,Average
38994,Amy Ward,qwheeler@example.net,Good
54282,Michelle Hunter,njohnson@example.org,Excellent
43882,Mike Burton,tyler32@example.com,Average
47509,Darrell Hernandez,lewisrenee@example.net,Average
80447,Richard Rogers,jennifer03@example.net,Good
74036,Jeffrey Wise,jordanelizabeth@example.org,Average
53943,Michelle Mendoza,jennifer50@example.net,Average
95220,Robert Manning,sandrastewart@example.com,Average
18331,Christopher Harding,rangelmatthew@example.com,Average
52213,Andrew Taylor,mary65@example.net,Good
63798,Michael Reilly,benjamin41@example.org,Average
75070,Gabrielle Barnes,jbrooks@example.org,Average
79317,Katherine Mccarthy,kathryn56@example.net,Average
17768,Margaret Ortiz,perezjennifer@example.net,Excellent
64740,Joshua Young,teresaromero@example.org,Good
81561,Clifford Perez,ramirezethan@example.net,Excellent
90945,Christina Gonzales,wfarrell@example.org,Excellent
91945,Justin Boyd,zstewart@example.org,Good
75971,Brandon Kirby,Unknown,Excellent
92498,Rebecca Bean,donaldsmith@example.org,Excellent
62949,Jennifer Stark,Unknown,Excellent
76543,Jose Rosales,kristenwilkerson@example.net,Good
97091,Michael Smith,jacob88@example.com,Average
92628,Brent Andersen,dwilliams@example.net,Poor
88789,Tina Brown,lpacheco@example.org,Poor
55032,Jessica Mckee,jtaylor@example.net,Good
85873,Bryan Craig,seanmurphy@example.com,Poor
42423,Lisa Garner,fpowell@example.com,Good
96634,Jacob Hart,virginiaparker@example.org,Good
88996,Bryan Miller,msimmons@example.com,Poor
58756,Aaron Richardson,kaitlynhaley@example.com,Excellent
52732,David Brown,turnerlydia@example.org,Average
11559,Peter Orozco,christopher67@example.org,Poor
80646,Jose Taylor,david68@example.org,Poor
23284,Makayla Morgan,rayjames@example.com,Poor
76668,Joy Rivera,hflores@example.net,Poor
24787,Lynn Rodriguez,nathaniel99@example.com,Good
80881,Daniel Lee,katherinepalmer@example.org,Good
91540,Steven Jones,howelladam@example.com,Average
63726,Joseph Whitaker,carpenteramanda@example.com,Average
25114,Jackie Gonzalez,edwardsalyssa@example.org,Poor
45387,Joseph Wilson,stephen06@example.net,Poor
89174,Tracy Walker,duffyjohnny@example.com,Poor
48478,Sarah Smith,steven17@example.com,Average
79135,Kimberly Garcia,jenniferreed@example.net,Poor
84837,Mr. William Garrison DDS,ricesarah@example.com,Excellent
73704,Daniel Christian,hendricksshane@example.org,Average
95450,Laura Walters,brittany97@example.org,Excellent
28600,Thomas Mason,williamrivas@example.org,Poor
53530,Amy Lowery,Unknown,Good
60925,Stacey Mckenzie,wilsonbenjamin@example.net,Excellent
50172,Jennifer Herman,mwilson@example.com,Average
58957,Phillip Vincent,mary03@example.com,Excellent
41532,William Reynolds,ivalentine@example.net,Average
57864,Todd Rivera,Unknown,Poor
70033,Taylor Mcmahon,oguzman@example.org,Excellent
40280,Patrick Diaz,nnewton@example.org,Good
38191,James Simmons,Unknown,Excellent
19466,Michael Vang,karenrosario@example.net,Good
74071,Ashley Martinez,shayden@example.com,Average
62593,Clifford Moon,daniel86@example.com,Poor
67763,Frank Salinas,astrong@example.net,Poor
38735,John Mendoza,jim55@example.org,Good
74845,Michelle Hernandez,zparker@example.net,Average
23961,Tammy Cervantes,richardjackson@example.org,Poor
15604,Matthew Bailey,randalldavis@example.org,Average
58967,Cynthia Davis,jose88@example.org,Good
23293,Devin York,dana10@example.com,Good
54499,Joseph Rodriguez,rwheeler@example.com,Excellent
31519,Kevin Smith,holly40@example.org,Poor
93401,Anna Harris,allison31@example.net,Poor
36357,Jessica Jones,williamsjuan@example.org,Excellent
33239,Christopher Cox,melissajohnson@example.org,Good
94399,Brittany Johnson,ccummings@example.net,Good
94672,Amy Jones,yolandagarcia@example.com,Good
87576,Matthew Nelson,michael64@example.org,Good
19682,Carla Burns,bakerbrittany@example.net,Average
59664,Christopher Holland,pkane@example.net,Poor
78038,Kevin Mahoney,annafuller@example.com,Poor
84705,David Everett,taylortyler@example.net,Good
22923,Matthew Knox,iwalker@example.com,Good
18540,Brittney Doyle,leejustin@example.com,Good
25875,Kathryn Smith,james34@example.net,Poor
10535,Michelle Wilson,jerry40@example.org,Poor
45585,Mrs. Stacy Cunningham,mary86@example.net,Good
65170,Stephanie Harrington,shepardtiffany@example.net,Average
65096,Courtney Schmitt,lnavarro@example.org,Excellent
63395,Terry Schmidt,zunigaian@example.org,Excellent
59552,Deborah Cohen,sfrancis@example.com,Excellent
16787,Dr. Matthew Graham,tina22@example.net,Poor
47792,David Strong,michelle16@example.net,Poor
20715,Bradley Lynch,blake18@example.net,Excellent
20728,William Bray,Unknown,Excellent
66516,Dawn Morales,stephanie92@example.com,Average
36775,Darlene Romero,ocrawford@example.org,Poor
22805,Jeffery Patel,byrdchris@example.net,Poor
22068,Donald Willis,dmyers@example.com,Excellent
99475,Donna Steele,travis47@example.com,Average
26372,Michael Bennett,Unknown,Average
38266,Brittany Davis,kcurtis@example.com,Excellent
92202,Jimmy Woods,Unknown,Excellent
34386,Shannon Hardin,hbecker@example.net,Poor
94100,Michael Tran,Unknown,Excellent
80726,Rebecca King,zimmermanjustin@example.net,Good
64606,Kevin Mendez,aprince@example.net,Average
62800,Dennis Taylor,gregory92@example.org,Excellent
44471,Robert Campbell,paul49@example.org,Good
67818,Tonya Harris,carlpadilla@example.com,Average
71275,Michael Thompson,davidjohnson@example.com,Good
32166,Albert Mitchell,Unknown,Good
21783,Kristopher Smith,brittanyparker@example.net,Excellent
71223,Kyle Deleon,Unknown,Average
23889,Alexa Bryant,andrew62@example.net,Good
11935,Crystal Hawkins,pmartin@example.org,Poor
51146,Jessica Mendoza,Unknown,Average
20879,Gregory Ramirez,ashleydavila@example.com,Poor
43119,Derrick Carlson,hkrueger@example.org,Excellent
24777,Sarah Harper,Unknown,Poor
58546,Peter Sanders,robertbowman@example.com,Average
51624,Stacy Hernandez,tanya92@example.net,Good
57480,Stephen Kennedy,serranodaniel@example.com,Good
39423,Edward Owens,veronica87@example.net,Average
33988,Rebecca Conrad,markhaley@example.net,Good
64336,Paul Bell,kgonzalez@example.org,Poor
65098,Douglas Tanner PhD,Unknown,Good
12756,Christine Fletcher,ubowers@example.com,Good
78785,Chase Anderson,conwayrobert@example.com,Poor
26921,Alexis Cole,katherine24@example.org,Poor
76983,Evan Nelson,bradwilliams@example.com,Poor
41585,Bethany Brown,richardhunter@example.org,Excellent
39330,Raymond Hardy,wbowers@example.net,Poor
78272,Margaret Rowland,flynnbrian@example.org,Poor
10688,Johnny Graves,Unknown,Excellent
52216,Teresa Williams,znielsen@example.com,Good
70737,Caroline Mccarthy,uwolf@example.net,Poor
73111,Ronald Boone,martinezkimberly@example.org,Average
84940,Caitlin Kirby,dmartinez@example.net,Poor
67766,Thomas Davis,cathyperez@example.com,Poor
30252,Heidi Acevedo,alexa27@example.com,Excellent
20053,Christina Powell,kfry@example.com,Average
27249,Anita Gutierrez,clarkjames@example.com,Good
17866,Jennifer Flowers,lmadden@example.com,Good
93771,Gloria Morales,jennifermoran@example.net,Average
80855,Jennifer Young,jesserodriguez@example.com,Poor
59555,Mark Martinez,Unknown,Excellent
83127,Jillian Hunter,stacydavis@example.net,Average
42132,Erin Hunter,ysilva@example.org,Average
16978,Emma Morton,danielanderson@example.com,Good
22248,Paul Cross,tgilbert@example.net,Excellent
34355,Jason Pittman,wongwillie@example.com,Average
89472,Anthony Hall,stuartmark@example.org,Excellent
75468,Cory Hernandez,xdiaz@example.org,Poor
47049,Marissa Oconnell,hayesluis@example.net,Good
67223,Andrea Campbell,mfarrell@example.com,Poor
30506,Brandy Wilson,veronicagray@example.org,Excellent
63273,Daniel Banks,kennedyjames@example.org,Poor
98363,Rhonda Torres,dawnpeterson@example.net,Good
19737,Robert Campbell,katherinepage@example.net,Excellent
66386,Casey Berg,Unknown,Average
23929,Christopher Le,justin76@example.com,Poor
72244,Lynn Carney,vchavez@example.com,Good
99865,Jennifer Church,erinlewis@example.org,Average
30940,Benjamin Middleton,ijones@example.org,Good
68520,Bradley Dixon,lisakennedy@example.org,Excellent
70218,Daniel Mcdowell,jodi49@example.org,Excellent
65174,Jessica Park,laurenalexander@example.net,Poor
86426,William Clark,stephanie15@example.org,Good
11686,Danielle Friedman,emilystokes@example.net,Good
51070,Joanna Sims,Unknown,Good
82817,Teresa Perez,bjackson@example.org,Excellent
84267,Rachel White,dthomas@example.org,Poor
42895,Christopher Henderson,danielleflores@example.net,Good
74314,Jessica Nelson MD,chandlerbruce@example.org,Good
20016,Joseph Robinson,diane29@example.org,Average
81432,Timothy Fitzgerald,turneralexander@example.com,Good
82550,Sarah Juarez,tiffany61@example.org,Poor
24177,Melissa Scott,james10@example.net,Average
38113,Kenneth French,Unknown,Average
60273,Troy Salinas,rnguyen@example.org,Average
18421,John Frederick,ryanharris@example.com,Excellent
74717,Collin Richardson,wwilcox@example.com,Average
92145,Isaiah Smith,james29@example.com,Good
28101,Scott Sanders,lauren94@example.org,Excellent
81030,James Martinez,kpruitt@example.com,Excellent
66796,Jason Morton,kellybranch@example.com,Excellent
16119,Lauren Wilkins,jeffery82@example.net,Excellent
20154,Joshua Rose,amandashields@example.com,Excellent
47559,Marissa Valencia,gutierrezcameron@example.org,Excellent
38737,Michele Henry,qallen@example.com,Excellent
35045,Herbert Gomez,veronicaprice@example.org,Average
56828,Angela Marshall,howellmargaret@example.com,Poor
16418,Jason Mcknight,dominguezdenise@example.net,Good
43725,Karen Oconnell,james60@example.org,Good
95640,Dana Shannon,joshua23@example.org,Average
64787,Kimberly Johnson,mthompson@example.com,Average
23223,Jennifer Gonzalez,vreyes@example.net,Excellent
18583,Tammy Moore,victorgibson@example.net,Poor
86997,Maria Barnes,jwilliams@example.org,Excellent
50278,Lindsey Wright,stephaniepatrick@example.com,Average
85008,Diane Calderon,jacquelinewilkins@example.net,Excellent
36071,Wendy Ferrell,caitlin78@example.net,Good
56542,Robert Ponce,holdenhunter@example.com,Good
21620,William Johnson,michaelacosta@example.com,Excellent
96368,Bryan Bentley,randerson@example.com,Poor
47715,Aaron Brewer,mfriedman@example.com,Excellent
98502,Christine White,mbird@example.org,Excellent
77272,Gabrielle Savage,steeletiffany@example.com,Poor
45791,Lori Adams,marybush@example.com,Poor
26006,Jackie Jones,eclayton@example.com,Poor
80654,Jessica Parker,cwalters@example.org,Good
30513,James Anderson,lprince@example.org,Excellent
30847,Frank Cunningham,brucesmith@example.net,Average
34543,Jeremy Stewart,pollardrebecca@example.com,Poor
68328,Harold Hampton MD,daniel91@example.com,Poor
61177,John Johnson,dcraig@example.org,Excellent
43157,Alexander Shepherd,barnetttamara@example.org,Average
90281,Kayla Smith,phillipmartinez@example.org,Excellent
43677,Jordan Jenkins,karenbutler@example.net,Excellent
35665,Theresa Ramsey,marshallnicholas@example.com,Poor
70790,Amy Jennings,jose45@example.com,Poor
75537,Gregory Santana,Unknown,Good
25599,Samantha Davis,amandafrye@example.net,Average
15863,Drew Hughes,gcontreras@example.org,Average
62477,Dr. Jennifer Chase,zbyrd@example.org,Poor
70291,Courtney Fletcher,qholmes@example.net,Poor
16032,Nancy Morris,pwilkins@example.org,Poor
72671,Richard Bell,ronaldmatthews@example.com,Average
14310,Darren Grant,kruegercassandra@example.org,Good
18245,Brian Smith,camachodavid@example.org,Average
78189,Sierra Lindsey,jeremy73@example.net,Poor
51259,Jennifer Daniels,tlarson@example.org,Poor
86916,Melissa Henry,dennismcdonald@example.net,Good
57343,Cindy Robinson,nicholasjackson@example.com,Excellent
70754,Danielle Rangel,jonathanjohnson@example.org,Excellent
54179,Adam Blevins,janthony@example.org,Average
24682,Donna Phillips,angela94@example.net,Excellent
21286,Paula Franco,samantharichardson@example.net,Excellent
94161,Shawn King,madkins@example.org,Average
55530,Tina Abbott,gilbertmadison@example.org,Poor
21045,Megan Carpenter,joelfischer@example.org,Excellent
22601,Cassandra Rush,nevans@example.net,Poor
22359,Robert Russell,keithestrada@example.org,Average
83273,Kathryn Faulkner,evelyn98@example.org,Poor
52753,Jennifer Walsh,monroetrevor@example.net,Poor
23393,Sherry Carson,samanthapowell@example.org,Average
96470,Christine Evans,barbara97@example.com,Poor
71086,Stephanie Johnson,george47@example.com,Excellent
48704,Scott Vang,carolwright@example.net,Excellent
85450,Vickie Nguyen,wfoster@example.net,Excellent
96218,Julia Sparks,zlester@example.com,Excellent
76532,Nicholas Murray,jenkinsmary@example.net,Poor
77702,Michelle Barron,ktran@example.net,Excellent
32260,Charles Fox,elizabeth68@example.com,Poor
22319,Jared Cordova,larry26@example.com,Good
29575,Courtney Lewis,austinpatel@example.net,Poor
18399,Daisy Graves,brittany75@example.org,Excellent
11146,Christopher Avila,oliviagarcia@example.org,Good
87444,Gregory Ramirez,michealmurphy@example.com,Average
52643,Paula James,fieldsedward@example.net,Poor
97804,James Mann,whitecurtis@example.org,Excellent
85120,Lisa Rice,ealexander@example.com,Excellent
51716,Bridget Lewis,anthony21@example.net,Excellent
12839,James Rogers,hmcgrath@example.com,Average
15800,Damon Hansen,timothyevans@example.net,Good
64288,Michelle Mcdonald,ryanwiggins@example.org,Good
63752,Victoria Gutierrez,amywalker@example.com,Excellent
42276,Mark Snyder,ghall@example.org,Poor
94286,Rebecca Todd,mary17@example.net,Excellent
68199,Amanda King,joshuacarr@example.com,Excellent
40864,Colin Foley V,juannixon@example.org,Poor
36385,Sarah Jones,fergusonstephen@example.org,Excellent
31789,Chelsea Nunez,gtaylor@example.net,Average
10154,Mary Estrada,hunterbrenda@example.org,Excellent
35740,Carrie Jordan,jane39@example.org,Average
82597,Edwin Wall,kendra73@example.org,Excellent
50377,Jared Anderson,mariaparker@example.net,Good
59144,Erica Robinson,perezsamuel@example.com,Poor
87745,Trevor Chase,ralphwilliams@example.com,Good
43105,Valerie Cortez,aaron82@example.com,Excellent
33877,Christopher Gaines,Unknown,Excellent
40333,Anthony Terry,hamiltonivan@example.net,Average
55485,Mark Davis,angelicavelez@example.net,Excellent
10795,Mary Gross,aguirrerobert@example.net,Excellent
85670,Daniel Bender,powelljeremiah@example.net,Excellent
19025,Philip Hughes,utucker@example.com,Good
98687,Connie Vaughn,brownbrittney@example.com,Average
14738,Lisa Fletcher,jennabrown@example.com,Good
40802,Amber Harris,hashley@example.org,Average
12903,Kristina Wong,coopersteven@example.net,Good
42110,Matthew Brooks,geoffreycastro@example.org,Excellent
63295,Alexis Arnold,jaime47@example.net,Good
86947,Michael Arroyo,mario41@example.org,Good
97501,Joy Davis MD,nelsonshelby@example.org,Average
70354,Jasmine Jackson,william87@example.org,Average
37012,Richard Lane,obailey@example.com,Good
39445,Kyle Hall,mark65@example.com,Average
98405,Steven Mcintosh,yklein@example.net,Average
10666,Alexander Nixon,juan74@example.com,Average
96889,Elizabeth Andrews,tylercandice@example.org,Poor
59414,Katherine Watts,misty51@example.org,Average
12099,Stephanie Pierce,Unknown,Poor
88619,Susan Thomas,george35@example.org,Poor
31063,Jessica Noble,bradley68@example.org,Average
43819,Stephanie Harvey,mferguson@example.net,Good
25302,Kim Hodges,xedwards@example.net,Average
74562,Jeffrey Richmond,kathleenthompson@example.org,Excellent
25633,Bobby Smith,chicks@example.com,Good
71658,Tara Zimmerman,lisasanders@example.net,Poor
34207,Keith Ware,tammy50@example.com,Poor
37307,Courtney Martin,asmith@example.net,Good
80320,James Lynch,twilson@example.org,Good
25576,Michael Smith,thomasfoster@example.com,Average
66972,James Ryan,lcarpenter@example.com,Poor
19810,Jennifer Cross,brian17@example.net,Excellent
98983,Michelle Arroyo,monica22@example.org,Average
13299,Bradley Bradley,Unknown,Good
82142,Thomas Barajas,tsmith@example.com,Poor
97538,Sara Roberts,urobinson@example.net,Good
77671,Alyssa Parsons,edward36@example.com,Good
51482,Gabriel Vasquez,hsmith@example.org,Good
28649,Lisa Perez,omiller@example.net,Average
15699,Michelle Allison,madeline68@example.com,Excellent
15783,Keith Juarez,james19@example.com,Excellent
25338,Anthony Horton,vsmith@example.com,Poor
96182,Melanie Dean,sjohnson@example.com,Good
92882,David Middleton,fhernandez@example.org,Excellent
30234,Angela Long,tammysmith@example.com,Good
76089,David Scott,barbaramartinez@example.org,Poor
54979,Sherri Parker,jacksonpaige@example.net,Good
83761,Elizabeth Norris,Unknown,Excellent
35996,Shawn Sampson,eric63@example.net,Good
77706,Anthony Taylor,Unknown,Excellent
43118,Joshua Johnson,mwright@example.org,Poor
89048,Kenneth Parker,sullivanjamie@example.net,Good
81118,Erica Gonzalez,jamesjones@example.net,Excellent
75485,Shelley Vang,Unknown,Poor
53710,Samuel Archer,jacksonsara@example.com,Good
19235,Stephanie Frost,margaret44@example.net,Poor
72595,Anthony Kerr,Unknown,Excellent
64816,Julie Jacobs,Unknown,Good
34005,Larry Jones,Unknown,Good
82942,Seth Garrison,dbrown@example.org,Good
41422,Mikayla Liu,justinfox@example.net,Poor
52107,Mary Ramirez,david63@example.org,Poor
72721,Jennifer Cooper,careykenneth@example.org,Excellent
30397,Margaret Ruiz,jeffrey18@example.net,Average
31077,Sarah Smith,kevinhart@example.com,Good
85590,Amber Cox,showell@example.org,Good
95674,Jonathan Garcia,wandagibbs@example.org,Excellent
31329,Amy Gray,patricia16@example.org,Good
21443,Tiffany Flynn,freemanlaurie@example.net,Poor
98122,Brett Sawyer,Unknown,Poor
63827,Annette Romero,brandonharrison@example.org,Good
82620,Jasmine Reed,Unknown,Good
46765,Crystal Houston,jenniferhaynes@example.net,Poor
54691,Jessica Edwards,jdavis@example.net,Good
44054,Heather Dillon,janeperez@example.net,Poor
84339,Barbara Everett,williamsrobert@example.com,Average
65526,Marcia Wolfe,bbryan@example.com,Average
48812,Michael Cowan,jennifer99@example.com,Good
67062,Brittany Jenkins,ayaladennis@example.org,Good
99748,Brett Hernandez,patricia01@example.net,Good
18334,Katherine Schwartz,ngonzalez@example.com,Poor
54015,Gary Huffman,sherryharris@example.com,Average
31283,Antonio Sanders,qgarcia@example.com,Average
30670,Amy Hess,rmatthews@example.com,Excellent
12528,Nicholas Stanley,juliemccann@example.org,Excellent
24951,Christopher Miller,barrybenton@example.com,Good
86058,Barry West,pjenkins@example.org,Poor
28637,Lisa Coffey,briannaharris@example.org,Good
55611,Johnathan Miller,matthewanderson@example.net,Average
88966,Kelli Long,timothy04@example.com,Good
94483,Jason Sanchez,Unknown,Good
38985,Chad Lee,mathewsashley@example.com,Average
96586,Heather Everett,Unknown,Average
19697,Mr. Ryan Sanders,theresacarney@example.net,Average
83106,Christopher Gordon,alexandriamyers@example.org,Average
24758,Allen Lloyd,kaylapaul@example.net,Excellent
10265,Scott Forbes,anthonydavis@example.org,Poor
10868,Sandra Strickland,carterkimberly@example.net,Poor
74957,Meghan Peters,jamesbrown@example.net,Average
38329,Melanie Payne,Unknown,Poor
57109,Mrs. Amanda Mcdaniel MD,prodgers@example.com,Poor
94093,Megan Huynh,qanderson@example.com,Poor
59368,Christopher Faulkner,christinetapia@example.org,Poor
71524,Jennifer Patterson,mayosean@example.net,Average
62680,Terri Holt,Unknown,Good
98667,Vicki Hudson,lisa47@example.net,Good
38381,Jerry Ray,jeremy66@example.com,Good
49416,Shannon Martinez,ugill@example.net,Excellent
12335,Melinda Johnson,angela13@example.net,Poor
15560,Zachary Marshall,fhawkins@example.net,Average
22703,Eric Perez,nicolehobbs@example.org,Average
50166,Tanya Gutierrez,calvingrimes@example.net,Excellent
65963,Lori Parker,jimenezdavid@example.org,Average
51952,Megan Long,sheri14@example.com,Good
42196,Misty Peterson,rmartinez@example.org,Excellent
57281,Mary Johnson,johnhumphrey@example.org,Average
56313,Jessica Mcdonald,nealderek@example.net,Excellent
45200,Tricia Bailey,jgross@example.net,Excellent
18596,Kaitlyn Young,brandon17@example.org,Average
73955,Meredith Jones,kathrynjohnson@example.org,Good
61959,Micheal Lane,jacob85@example.net,Average
64891,Andrew Curry,garciabrandon@example.com,Poor
57510,Brittany Kim,debbie90@example.org,Poor
14658,Julie Martinez,amandacase@example.org,Average
13627,Andrea Johnston,vreed@example.com,Good
12993,Sarah Brown,jerryandrews@example.org,Poor
73724,Tricia Sims,iberry@example.org,Poor
52851,Tammy Wang,smithcheyenne@example.org,Average
14556,Brandon Fleming,nicolemcdonald@example.net,Average
28797,Morgan Perry,josephclark@example.net,Average
85907,Michael Flynn,christopherlucas@example.net,Excellent
17495,Stacy Willis,taylorcaroline@example.com,Excellent
81325,Matthew Smith,vickilopez@example.org,Excellent
28779,Stephanie Green,justinwright@example.net,Average
61217,Douglas Parks,imiddleton@example.com,Good
72216,Christina Lopez,kaylacruz@example.org,Poor
80376,Brian Harris,edward95@example.com,Excellent
16921,Chris Hart,ashleymatthew@example.com,Good
61939,Christopher Gonzalez,kperkins@example.net,Average
49835,Nicholas Williams MD,destiny61@example.net,Excellent
64276,Susan Castillo,vwilson@example.org,Average
15261,Tracey Alvarado,miawilliams@example.org,Good
32633,Lawrence Shah,dcarey@example.com,Excellent
27152,Andrew Fox,kristopherkelly@example.org,Excellent
28178,Tammy Guerrero,christopher31@example.com,Excellent
61112,Brenda Kim,bmorgan@example.com,Excellent
21910,Ryan West,uknox@example.com,Good
58840,Judith Watts,susan92@example.com,Excellent
92249,Stephanie Waters,rcochran@example.org,Poor
77835,Stephanie Craig,Unknown,Poor
33491,Natalie Camacho,peggyfranklin@example.com,Average
50794,Timothy Humphrey,vstark@example.com,Excellent
44982,Brian Moore,jbruce@example.org,Poor
28936,Jessica Ruiz,fletcheranna@example.com,Poor
92900,Alicia Powers MD,bakerjustin@example.net,Poor
84115,Felicia Black,sjackson@example.org,Good
66924,Sean Miller,dmason@example.net,Excellent
53715,James Hubbard,melissa96@example.com,Good
81761,Caitlin Gomez,Unknown,Good
22572,David Lara,richardreyes@example.net,Poor
72954,Bruce Watts,neilgallegos@example.com,Poor
61816,Scott Diaz,Unknown,Average
13039,Tony Stewart,fcole@example.org,Excellent
84284,Joseph Torres,mariahayes@example.net,Excellent
32816,Cheryl Valenzuela,Unknown,Poor
45767,Patrick Middleton,perezjoy@example.org,Poor
13957,John Caldwell,ureynolds@example.org,Excellent
87489,Paul Robbins,brent52@example.net,Average
81714,James Tran,ndavis@example.com,Poor
32599,Cynthia Lopez,qharris@example.org,Average
23650,Catherine Miles,joshua52@example.org,Good
77917,John Maxwell,hilllaura@example.net,Poor
26883,Jason Williams,Unknown,Good
22981,Frank Ramirez,lruiz@example.org,Poor
24323,Christopher Lyons,ana85@example.org,Good
98000,Paul Washington,james31@example.com,Poor
10887,Deanna Robinson,jamespayne@example.net,Average
61465,Rachel Andersen,rperez@example.org,Average
76359,Phyllis Wade,warnerholly@example.com,Average
35440,Robert Valencia,Unknown,Good
26709,Rachael Watson,randall94@example.org,Average
89836,Seth Massey,Unknown,Good
36235,Julie Lopez,zrogers@example.com,Poor
41429,Denise Beltran,xlogan@example.org,Good
20380,Theresa Williams,sally85@example.com,Poor
42825,Amy Rivas,andersonraymond@example.net,Excellent
48683,Nicolas Spencer,brodriguez@example.org,Excellent
49109,Holly Lee,shortjoshua@example.net,Excellent
68828,Isabel Lewis,staylor@example.org,Good
55563,John Lin,jennifer33@example.org,Excellent
94952,Alicia Weeks,jessicahall@example.com,Excellent
71859,Crystal Bush,calebrodriguez@example.net,Excellent
27534,Jorge Lambert,courtneymcfarland@example.net,Poor
12329,Patricia Harper,dparrish@example.org,Average
18924,Amy Gutierrez,kristahill@example.org,Good
51632,Richard Baker,mjones@example.com,Excellent
38932,Robert Kelley,zthomas@example.net,Poor
35084,Eric Leonard,omoreno@example.com,Average
47756,Melissa Martin MD,hughesamy@example.com,Average
29761,Mary Green,lisadavis@example.com,Average
83607,Elizabeth Page,ericasanders@example.org,Poor
89280,Brenda Mueller DVM,colemichele@example.com,Excellent
14319,Jennifer Thornton,moyercameron@example.com,Average
85754,Courtney Juarez,crussell@example.org,Poor
19481,Nicole Benjamin,dlawson@example.com,Poor
25534,Joel Clark,gabrielle95@example.org,Good
74164,Michael King,csanchez@example.net,Poor
15599,Julia Matthews,smack@example.org,Average
12228,Victor Mcbride,hermanmark@example.com,Average
29535,Tanya Watts,stevengarcia@example.net,Poor
15989,Timothy Davis,richardmurphy@example.com,Average
29864,Matthew Hawkins,mendozajustin@example.net,Poor
12678,Rebecca Abbott,bwarner@example.org,Average
30096,Marilyn Garcia,Unknown,Good
60150,Stacey Ashley,barbara25@example.com,Excellent
62656,Frances Green,bmcneil@example.com,Good
44119,Emily Hahn,tiffanycox@example.net,Good
67410,Kayla Green,christopher80@example.net,Excellent
39154,Stephanie Long,joshuajohnson@example.net,Average
47014,Kimberly Manning,allen19@example.com,Excellent
88228,Theresa Ray,barronsharon@example.org,Poor
34046,Charles Bennett,psandoval@example.org,Excellent
10065,Melissa Lopez,oscar04@example.com,Good
88123,Bruce Nguyen,moranjason@example.org,Excellent
26495,John Nguyen,portega@example.com,Average
22533,Donna Smith,gibbsvictoria@example.net,Good
17975,Caleb Hubbard,ifrazier@example.com,Poor
80717,Rebecca Cummings,alexanderoconnor@example.org,Average
27328,Stephanie Mccann,Unknown,Good
24954,Aimee Harrison,mcconnellanna@example.com,Poor
30395,Mrs. Marie Mosley,brownchristopher@example.net,Average
27003,Kyle Lindsey,Unknown,Poor
52224,Kiara Thompson,williamsjohn@example.org,Excellent
35623,Patricia Davenport,sharpmichael@example.com,Excellent
81334,Brian Meza,randynewton@example.net,Poor
15871,Sean Morales,colleen04@example.com,Excellent
80489,Candice Coleman,vickie34@example.net,Poor
43177,Michael Henderson,kayla73@example.org,Average
24264,Blake Edwards,Unknown,Good
26600,James Richardson,seansanders@example.org,Poor
65383,Carla Wilson,lroberts@example.net,Good
44884,Sandra Gutierrez MD,cbest@example.net,Good
28511,Devin Phillips,halljoshua@example.org,Poor
31933,Matthew Watkins,amber57@example.net,Excellent
24486,Annette Avila,Unknown,Average
75623,Katherine Schultz,robertsjames@example.net,Good
30729,Tracy Roberts,keithroberts@example.com,Average
26848,Christopher Harper,castromatthew@example.com,Good
88129,Andrew Hall,tanyagriffith@example.org,Poor
52280,Alexis Harding,sullivanerin@example.org,Excellent
96893,Diane Wells,gabriel03@example.org,Average
78798,Jennifer Brock,vshaw@example.org,Good
90396,Angela Levine,kimberlyellis@example.com,Poor
32236,Courtney Jones,Unknown,Poor
96904,Vincent Walters,ashleylynn@example.org,Good
33918,Andrew Rodriguez,greenbarry@example.com,Good
12791,Matthew Massey,rschmidt@example.com,Good
85148,Jessica Howell,david62@example.com,Excellent
93942,Stephanie Griffith,manndavid@example.org,Good
87059,Melinda Cannon,Unknown,Good
90222,Marc Wilkins,williamsjacqueline@example.net,Excellent
93300,Lauren Hines,robertmaxwell@example.com,Poor
30316,Roy Garcia,johnsonangela@example.org,Good
31997,Bruce Chung,lori61@example.org,Average
95055,Leslie Carter,zreed@example.com,Poor
20645,Jonathan Richards PhD,chambersanthony@example.org,Average
